<?xml version="1.0" encoding="UTF-8"?>
<project-private xmlns="http://www.netbeans.org/ns/project-private/1">
    <editor-bookmarks xmlns="http://www.netbeans.org/ns/editor-bookmarks/2" lastBookmarkId="0"/>
    <open-files xmlns="http://www.netbeans.org/ns/projectui-open-files/2">
        <group>
            <file>file:/C:/Users/sivan/Documents/NetBeansProjects/UTHMHostelManagementSystem/src/uthmhostelmanagementsystem/ChangePassword.java</file>
            <file>file:/C:/Users/sivan/Documents/NetBeansProjects/UTHMHostelManagementSystem/src/uthmhostelmanagementsystem/StudentDetails.java</file>
            <file>file:/C:/Users/sivan/Documents/NetBeansProjects/UTHMHostelManagementSystem/src/uthmhostelmanagementsystem/UTHMHostelManagementSystem.java</file>
            <file>file:/C:/Users/sivan/Documents/NetBeansProjects/UTHMHostelManagementSystem/src/uthmhostelmanagementsystem/MainMenuAdmin.java</file>
            <file>file:/C:/Users/sivan/Documents/NetBeansProjects/UTHMHostelManagementSystem/src/uthmhostelmanagementsystem/MakeComplains.java</file>
            <file>file:/C:/Users/sivan/Documents/NetBeansProjects/UTHMHostelManagementSystem/src/uthmhostelmanagementsystem/Reports.java</file>
            <file>file:/C:/Users/sivan/Documents/NetBeansProjects/UTHMHostelManagementSystem/src/uthmhostelmanagementsystem/Login.java</file>
            <file>file:/C:/Users/sivan/Documents/NetBeansProjects/UTHMHostelManagementSystem/src/uthmhostelmanagementsystem/HostelRooms.java</file>
            <file>file:/C:/Users/sivan/Documents/NetBeansProjects/UTHMHostelManagementSystem/src/uthmhostelmanagementsystem/Details.java</file>
            <file>file:/C:/Users/sivan/Documents/NetBeansProjects/UTHMHostelManagementSystem/src/uthmhostelmanagementsystem/RoomInformation.java</file>
            <file>file:/C:/Users/sivan/Documents/NetBeansProjects/UTHMHostelManagementSystem/src/uthmhostelmanagementsystem/StudentInformation.java</file>
            <file>file:/C:/Users/sivan/Documents/NetBeansProjects/UTHMHostelManagementSystem/src/uthmhostelmanagementsystem/MainMenu.java</file>
            <file>file:/C:/Users/sivan/Documents/NetBeansProjects/UTHMHostelManagementSystem/src/uthmhostelmanagementsystem/FinePayment.java</file>
            <file>file:/C:/Users/sivan/Documents/NetBeansProjects/UTHMHostelManagementSystem/src/uthmhostelmanagementsystem/UpdateRecord.java</file>
            <file>file:/C:/Users/sivan/Documents/NetBeansProjects/UTHMHostelManagementSystem/src/uthmhostelmanagementsystem/Fine.java</file>
            <file>file:/C:/Users/sivan/Documents/NetBeansProjects/UTHMHostelManagementSystem/src/uthmhostelmanagementsystem/HostelFees.java</file>
            <file>file:/C:/Users/sivan/Documents/NetBeansProjects/UTHMHostelManagementSystem/src/uthmhostelmanagementsystem/DeleteRecord.java</file>
        </group>
    </open-files>
</project-private>
